image,x,y,scale,n_px,effect,auc,lawn_sd
gt_01.jpg,723.0,989.0,0.0,1,0.5266,0.276,15.8534
gt_01.jpg,723.0,989.0,0.05,9,0.5616,0.2777,14.8399
gt_01.jpg,723.0,989.0,0.1,25,0.5907,0.269,14.038
gt_01.jpg,723.0,989.0,0.2,81,0.6313,0.2583,12.9009
gt_01.jpg,723.0,989.0,0.4,289,0.666,0.2461,11.5051
gt_01.jpg,723.0,989.0,0.8,1089,0.6058,0.2501,10.0564
gt_01.jpg,616.0,1383.0,0.0,1,0.4652,0.3023,15.8534
gt_01.jpg,616.0,1383.0,0.05,9,0.4961,0.3076,14.8399
gt_01.jpg,616.0,1383.0,0.1,25,0.5216,0.3015,14.038
gt_01.jpg,616.0,1383.0,0.2,81,0.5571,0.2906,12.9009
gt_01.jpg,616.0,1383.0,0.4,289,0.5872,0.2773,11.5051
gt_01.jpg,616.0,1383.0,0.8,1225,0.5073,0.2705,9.9196
gt_01.jpg,961.0,1354.0,0.0,1,1.2503,0.0639,15.8534
gt_01.jpg,961.0,1354.0,0.05,9,1.3364,0.0525,14.8399
gt_01.jpg,961.0,1354.0,0.1,25,1.4121,0.0423,14.038
gt_01.jpg,961.0,1354.0,0.2,81,1.5233,0.0358,12.9009
gt_01.jpg,961.0,1354.0,0.4,289,1.6372,0.0425,11.5051
gt_01.jpg,961.0,1354.0,0.8,1089,1.2944,0.1151,10.0564
gt_02.jpg,627.0,740.0,0.0,1,0.1041,0.5129,21.4129
gt_02.jpg,627.0,740.0,0.05,9,0.1102,0.5242,20.2227
gt_02.jpg,627.0,740.0,0.1,25,0.1155,0.5266,19.3294
gt_02.jpg,627.0,740.0,0.2,121,0.1318,0.5314,17.0535
gt_02.jpg,627.0,740.0,0.4,441,0.165,0.5235,13.9151
gt_02.jpg,627.0,740.0,0.8,1681,0.25,0.5263,10.4458
gt_02.jpg,379.0,1267.0,0.0,1,0.4241,0.1928,21.4129
gt_02.jpg,379.0,1267.0,0.05,9,0.449,0.1836,20.2227
gt_02.jpg,379.0,1267.0,0.1,25,0.4696,0.1733,19.3294
gt_02.jpg,379.0,1267.0,0.2,121,0.5304,0.1514,17.0535
gt_02.jpg,379.0,1267.0,0.4,441,0.641,0.125,13.9151
gt_02.jpg,379.0,1267.0,0.8,1521,0.7454,0.1499,10.6364
gt_02.jpg,908.0,1235.0,0.0,1,0.7187,0.1342,21.4129
gt_02.jpg,908.0,1235.0,0.05,9,0.7613,0.1173,20.2227
gt_02.jpg,908.0,1235.0,0.1,25,0.7971,0.1084,19.3294
gt_02.jpg,908.0,1235.0,0.2,121,0.9051,0.098,17.0535
gt_02.jpg,908.0,1235.0,0.4,441,1.1023,0.0763,13.9151
gt_02.jpg,908.0,1235.0,0.8,1681,1.2871,0.0902,10.4458
gt_03.jpg,737.0,1117.0,0.0,1,0.3599,0.3384,29.7091
gt_03.jpg,737.0,1117.0,0.05,9,0.4089,0.2852,26.1558
gt_03.jpg,737.0,1117.0,0.1,25,0.4487,0.1879,23.8461
gt_03.jpg,737.0,1117.0,0.2,81,0.4813,0.1413,22.2562
gt_03.jpg,737.0,1117.0,0.4,361,0.5431,0.1111,19.9031
gt_03.jpg,737.0,1117.0,0.8,1369,0.6652,0.0986,16.5964
gt_03.jpg,290.0,1186.0,0.0,1,0.2405,0.4045,29.7091
gt_03.jpg,290.0,1186.0,0.05,9,0.2732,0.3729,26.1558
gt_03.jpg,290.0,1186.0,0.1,25,0.2998,0.2951,23.8461
gt_03.jpg,290.0,1186.0,0.2,81,0.3215,0.2479,22.2562
gt_03.jpg,290.0,1186.0,0.4,289,0.355,0.2115,20.3017
gt_03.jpg,290.0,1186.0,0.8,1225,0.4188,0.1951,16.9339
gt_03.jpg,609.0,687.0,0.0,1,0.2229,0.4141,29.7091
gt_03.jpg,609.0,687.0,0.05,9,0.2533,0.3863,26.1558
gt_03.jpg,609.0,687.0,0.1,25,0.2779,0.3016,23.8461
gt_03.jpg,609.0,687.0,0.2,81,0.2982,0.2311,22.2562
gt_03.jpg,609.0,687.0,0.4,289,0.3291,0.1682,20.3017
gt_03.jpg,609.0,687.0,0.8,1225,0.3973,0.1466,16.9339
gt_03.jpg,455.0,1487.0,0.0,1,0.2134,0.4202,29.7091
gt_03.jpg,455.0,1487.0,0.05,9,0.2424,0.3934,26.1558
gt_03.jpg,455.0,1487.0,0.1,25,0.2659,0.3126,23.8461
gt_03.jpg,455.0,1487.0,0.2,81,0.2853,0.2471,22.2562
gt_03.jpg,455.0,1487.0,0.4,361,0.3222,0.1807,19.9031
gt_03.jpg,455.0,1487.0,0.8,1225,0.3749,0.1642,16.9339
gt_03.jpg,800.0,1610.0,0.0,1,0.2361,0.407,29.7091
gt_03.jpg,800.0,1610.0,0.05,9,0.2682,0.3767,26.1558
gt_03.jpg,800.0,1610.0,0.1,25,0.2943,0.301,23.8461
gt_03.jpg,800.0,1610.0,0.2,81,0.3158,0.2504,22.2562
gt_03.jpg,800.0,1610.0,0.4,361,0.3567,0.1961,19.9031
gt_03.jpg,800.0,1610.0,0.8,1369,0.4259,0.174,16.5964
gt_03.jpg,964.0,736.0,0.0,1,0.4238,0.3042,29.7091
gt_03.jpg,964.0,736.0,0.05,9,0.4814,0.2426,26.1558
gt_03.jpg,964.0,736.0,0.1,25,0.5283,0.1449,23.8461
gt_03.jpg,964.0,736.0,0.2,81,0.567,0.1078,22.2562
gt_03.jpg,964.0,736.0,0.4,289,0.6264,0.0957,20.3017
gt_03.jpg,964.0,736.0,0.8,1225,0.7422,0.0898,16.9339
gt_03.jpg,1155.0,1039.0,0.0,1,0.2476,0.3993,29.7091
gt_03.jpg,1155.0,1039.0,0.05,9,0.2812,0.3645,26.1558
gt_03.jpg,1155.0,1039.0,0.1,25,0.3086,0.2681,23.8461
gt_03.jpg,1155.0,1039.0,0.2,81,0.331,0.1977,22.2562
gt_03.jpg,1155.0,1039.0,0.4,361,0.3732,0.1417,19.9031
gt_03.jpg,1155.0,1039.0,0.8,1369,0.4536,0.1244,16.5964
gt_03.jpg,299.0,938.0,0.0,1,0.1231,0.4741,29.7091
gt_03.jpg,299.0,938.0,0.05,9,0.1398,0.4672,26.1558
gt_03.jpg,299.0,938.0,0.1,25,0.1533,0.4322,23.8461
gt_03.jpg,299.0,938.0,0.2,81,0.1641,0.4068,22.2562
gt_03.jpg,299.0,938.0,0.4,289,0.1805,0.3832,20.3017
gt_03.jpg,299.0,938.0,0.8,1225,0.2135,0.3645,16.9339
gt_03.jpg,1154.0,1369.0,0.0,1,0.2662,0.3897,29.7091
gt_03.jpg,1154.0,1369.0,0.05,9,0.3025,0.3521,26.1558
gt_03.jpg,1154.0,1369.0,0.1,25,0.332,0.258,23.8461
gt_03.jpg,1154.0,1369.0,0.2,81,0.3563,0.1928,22.2562
gt_03.jpg,1154.0,1369.0,0.4,361,0.4026,0.1398,19.9031
gt_03.jpg,1154.0,1369.0,0.8,1225,0.4685,0.1242,16.9339
gt_04.jpg,1130.0,1028.0,0.0,1,1.2297,0.0848,13.0868
gt_04.jpg,1130.0,1028.0,0.05,9,1.4764,0.0559,10.9058
gt_04.jpg,1130.0,1028.0,0.1,25,1.7254,0.0315,9.3422
gt_04.jpg,1130.0,1028.0,0.2,81,2.0456,0.0109,7.9111
gt_04.jpg,1130.0,1028.0,0.4,289,2.4849,0.002,6.5972
gt_04.jpg,1130.0,1028.0,0.8,1225,3.1637,0.0011,5.1603
gt_04.jpg,476.0,1125.0,0.0,1,0.2486,0.4074,13.0868
gt_04.jpg,476.0,1125.0,0.05,9,0.2993,0.4057,10.9058
gt_04.jpg,476.0,1125.0,0.1,25,0.3511,0.3984,9.3422
gt_04.jpg,476.0,1125.0,0.2,81,0.4198,0.3896,7.9111
gt_04.jpg,476.0,1125.0,0.4,289,0.5195,0.3787,6.5972
gt_04.jpg,476.0,1125.0,0.8,1225,0.7249,0.3502,5.1603
gt_04.jpg,739.0,1195.0,0.0,1,0.2589,0.3802,13.0868
gt_04.jpg,739.0,1195.0,0.05,9,0.3113,0.3817,10.9058
gt_04.jpg,739.0,1195.0,0.1,25,0.3648,0.3724,9.3422
gt_04.jpg,739.0,1195.0,0.2,81,0.4356,0.3578,7.9111
gt_04.jpg,739.0,1195.0,0.4,361,0.5658,0.3341,6.3612
gt_04.jpg,739.0,1195.0,0.8,1369,0.7938,0.2921,5.0771
gt_04.jpg,842.0,765.0,0.0,1,0.2582,0.3648,13.0868
gt_04.jpg,842.0,765.0,0.05,9,0.3104,0.3632,10.9058
gt_04.jpg,842.0,765.0,0.1,25,0.3637,0.3475,9.3422
gt_04.jpg,842.0,765.0,0.2,81,0.4339,0.3264,7.9111
gt_04.jpg,842.0,765.0,0.4,289,0.5361,0.2983,6.5972
gt_04.jpg,842.0,765.0,0.8,1089,0.7054,0.2634,5.2548
gt_05.jpg,377.0,689.0,0.0,1,0.7129,0.1141,17.469
gt_05.jpg,377.0,689.0,0.05,9,0.7784,0.1042,15.9954
gt_05.jpg,377.0,689.0,0.1,25,0.8131,0.0993,15.2961
gt_05.jpg,377.0,689.0,0.2,81,0.8579,0.092,14.4522
gt_05.jpg,377.0,689.0,0.4,361,0.942,0.0804,13.0038
gt_05.jpg,377.0,689.0,0.8,1225,0.9921,0.0862,11.3035
gt_05.jpg,704.0,1099.0,0.0,1,0.4993,0.1632,17.469
gt_05.jpg,704.0,1099.0,0.05,9,0.5452,0.1533,15.9954
gt_05.jpg,704.0,1099.0,0.1,25,0.5694,0.1464,15.2961
gt_05.jpg,704.0,1099.0,0.2,81,0.5996,0.1375,14.4522
gt_05.jpg,704.0,1099.0,0.4,361,0.6511,0.1199,13.0038
gt_05.jpg,704.0,1099.0,0.8,1369,0.6782,0.1162,11.1307
gt_05.jpg,725.0,1599.0,0.0,1,0.3382,0.24,17.469
gt_05.jpg,725.0,1599.0,0.05,9,0.3693,0.2444,15.9954
gt_05.jpg,725.0,1599.0,0.1,25,0.3854,0.24,15.2961
gt_05.jpg,725.0,1599.0,0.2,121,0.413,0.2286,14.1099
gt_05.jpg,725.0,1599.0,0.4,441,0.4409,0.2078,12.7626
gt_05.jpg,725.0,1599.0,0.8,1521,0.4327,0.1957,10.9672
gt_05.jpg,413.0,1381.0,0.0,1,1.2948,0.0392,17.469
gt_05.jpg,413.0,1381.0,0.05,9,1.4133,0.0314,15.9954
gt_05.jpg,413.0,1381.0,0.1,25,1.4767,0.0299,15.2961
gt_05.jpg,413.0,1381.0,0.2,121,1.5958,0.0289,14.1099
gt_05.jpg,413.0,1381.0,0.4,361,1.7181,0.0322,13.0038
gt_05.jpg,413.0,1381.0,0.8,1521,1.8605,0.0415,10.9672
gt_05.jpg,1162.0,1081.0,0.0,1,0.157,0.3878,17.469
gt_05.jpg,1162.0,1081.0,0.05,9,0.1713,0.4046,15.9954
gt_05.jpg,1162.0,1081.0,0.1,25,0.1783,0.4022,15.2961
gt_05.jpg,1162.0,1081.0,0.2,81,0.1857,0.3963,14.4522
gt_05.jpg,1162.0,1081.0,0.4,361,0.1918,0.3808,13.0038
gt_05.jpg,1162.0,1081.0,0.8,1521,0.1378,0.396,10.9672
gt_05.jpg,1071.0,757.0,0.0,1,0.616,0.1275,17.469
gt_05.jpg,1071.0,757.0,0.05,9,0.6726,0.1162,15.9954
gt_05.jpg,1071.0,757.0,0.1,25,0.7027,0.1102,15.2961
gt_05.jpg,1071.0,757.0,0.2,121,0.7568,0.1004,14.1099
gt_05.jpg,1071.0,757.0,0.4,361,0.8097,0.091,13.0038
gt_05.jpg,1071.0,757.0,0.8,1521,0.8653,0.0915,10.9672
gt_05.jpg,230.0,1055.0,0.0,1,1.2215,0.0676,17.469
gt_05.jpg,230.0,1055.0,0.05,9,1.3339,0.0536,15.9954
gt_05.jpg,230.0,1055.0,0.1,25,1.3943,0.0482,15.2961
gt_05.jpg,230.0,1055.0,0.2,81,1.4734,0.044,14.4522
gt_05.jpg,230.0,1055.0,0.4,361,1.6255,0.0413,13.0038
gt_05.jpg,230.0,1055.0,0.8,1521,1.7556,0.0481,10.9672
gt_05.jpg,688.0,604.0,0.0,1,0.1954,0.3676,17.469
gt_05.jpg,688.0,604.0,0.05,9,0.2133,0.3845,15.9954
gt_05.jpg,688.0,604.0,0.1,25,0.2222,0.3813,15.2961
gt_05.jpg,688.0,604.0,0.2,81,0.2322,0.3739,14.4522
gt_05.jpg,688.0,604.0,0.4,361,0.2436,0.3548,13.0038
gt_05.jpg,688.0,604.0,0.8,1369,0.2116,0.359,11.1307
gt_05.jpg,1108.0,1414.0,0.0,1,0.2613,0.33,17.469
gt_05.jpg,1108.0,1414.0,0.05,9,0.2851,0.3295,15.9954
gt_05.jpg,1108.0,1414.0,0.1,25,0.2974,0.3222,15.2961
gt_05.jpg,1108.0,1414.0,0.2,121,0.3176,0.3104,14.1099
gt_05.jpg,1108.0,1414.0,0.4,361,0.3341,0.2929,13.0038
gt_05.jpg,1108.0,1414.0,0.8,1521,0.3085,0.2942,10.9672
gt_06.jpg,685.0,1052.0,0.0,1,1.4189,0.0546,8.5262
gt_06.jpg,685.0,1052.0,0.05,9,1.7981,0.0374,6.7291
gt_06.jpg,685.0,1052.0,0.1,25,2.0407,0.021,5.9317
gt_06.jpg,685.0,1052.0,0.2,81,2.2974,0.0116,5.2755
gt_06.jpg,685.0,1052.0,0.4,361,2.695,0.0075,4.5366
gt_06.jpg,685.0,1052.0,0.8,1225,3.0519,0.005,4.098
gt_06.jpg,381.0,713.0,0.0,1,0.7648,0.1555,8.5262
gt_06.jpg,381.0,713.0,0.05,9,0.9693,0.1521,6.7291
gt_06.jpg,381.0,713.0,0.1,25,1.1004,0.1342,5.9317
gt_06.jpg,381.0,713.0,0.2,81,1.2393,0.1083,5.2755
gt_06.jpg,381.0,713.0,0.4,289,1.4228,0.0884,4.6414
gt_06.jpg,381.0,713.0,0.8,1225,1.6591,0.0773,4.098
gt_06.jpg,261.0,1044.0,0.0,1,2.0521,0.0236,8.5262
gt_06.jpg,261.0,1044.0,0.05,9,2.6003,0.0096,6.7291
gt_06.jpg,261.0,1044.0,0.1,25,2.9507,0.0019,5.9317
gt_06.jpg,261.0,1044.0,0.2,81,3.3207,0.0003,5.2755
gt_06.jpg,261.0,1044.0,0.4,361,3.8854,0.0,4.5366
gt_06.jpg,261.0,1044.0,0.8,1369,4.2813,0.0002,4.0783
gt_06.jpg,1023.0,677.0,0.0,1,0.4998,0.2359,8.5262
gt_06.jpg,1023.0,677.0,0.05,9,0.6335,0.2405,6.7291
gt_06.jpg,1023.0,677.0,0.1,25,0.7191,0.224,5.9317
gt_06.jpg,1023.0,677.0,0.2,81,0.8097,0.195,5.2755
gt_06.jpg,1023.0,677.0,0.4,361,0.9562,0.167,4.5366
gt_06.jpg,1023.0,677.0,0.8,1369,1.1375,0.1431,4.0783
gt_07.jpg,939.0,704.0,0.0,1,0.7659,0.2026,25.3201
gt_07.jpg,939.0,704.0,0.05,9,1.551,0.0581,12.5019
gt_07.jpg,939.0,704.0,0.1,25,2.7475,0.0013,7.0601
gt_07.jpg,939.0,704.0,0.2,81,3.8004,0.0,5.1098
gt_07.jpg,939.0,704.0,0.4,289,4.9974,0.0,3.8967
gt_07.jpg,939.0,704.0,0.8,961,5.8681,0.0,3.168
gt_07.jpg,700.0,1526.0,0.0,1,0.1305,0.4654,25.3201
gt_07.jpg,700.0,1526.0,0.05,9,0.2644,0.4179,12.5019
gt_07.jpg,700.0,1526.0,0.1,25,0.4685,0.3455,7.0601
gt_07.jpg,700.0,1526.0,0.2,81,0.6482,0.2814,5.1098
gt_07.jpg,700.0,1526.0,0.4,289,0.8539,0.2193,3.8967
gt_07.jpg,700.0,1526.0,0.8,1089,1.0448,0.1769,3.1281
gt_07.jpg,1107.0,1045.0,0.0,1,0.2455,0.4115,25.3201
gt_07.jpg,1107.0,1045.0,0.05,9,0.4975,0.3286,12.5019
gt_07.jpg,1107.0,1045.0,0.1,25,0.8815,0.1956,7.0601
gt_07.jpg,1107.0,1045.0,0.2,81,1.2199,0.1151,5.1098
gt_07.jpg,1107.0,1045.0,0.4,289,1.6091,0.0564,3.8967
gt_07.jpg,1107.0,1045.0,0.8,961,1.9506,0.0387,3.168
gt_07.jpg,676.0,1069.0,0.0,1,0.1083,0.4763,25.3201
gt_07.jpg,676.0,1069.0,0.05,9,0.2195,0.4363,12.5019
gt_07.jpg,676.0,1069.0,0.1,25,0.3893,0.3809,7.0601
gt_07.jpg,676.0,1069.0,0.2,81,0.5397,0.3311,5.1098
gt_07.jpg,676.0,1069.0,0.4,289,0.7169,0.2851,3.8967
gt_07.jpg,676.0,1069.0,0.8,1089,0.8975,0.2501,3.1281
gt_07.jpg,269.0,1141.0,0.0,1,0.086,0.4753,25.3201
gt_07.jpg,269.0,1141.0,0.05,9,0.1743,0.4373,12.5019
gt_07.jpg,269.0,1141.0,0.1,25,0.3089,0.3842,7.0601
gt_07.jpg,269.0,1141.0,0.2,81,0.4277,0.3447,5.1098
gt_07.jpg,269.0,1141.0,0.4,289,0.5641,0.313,3.8967
gt_07.jpg,269.0,1141.0,0.8,1089,0.6982,0.2889,3.1281
gt_07.jpg,305.0,869.0,0.0,1,0.0691,0.4972,25.3201
gt_07.jpg,305.0,869.0,0.05,9,0.1401,0.4739,12.5019
gt_07.jpg,305.0,869.0,0.1,25,0.2487,0.4526,7.0601
gt_07.jpg,305.0,869.0,0.2,81,0.3455,0.4341,5.1098
gt_07.jpg,305.0,869.0,0.4,289,0.4598,0.4178,3.8967
gt_07.jpg,305.0,869.0,0.8,1089,0.5439,0.403,3.1281
gt_07.jpg,934.0,1354.0,0.0,1,0.2695,0.4056,25.3201
gt_07.jpg,934.0,1354.0,0.05,9,0.5464,0.3232,12.5019
gt_07.jpg,934.0,1354.0,0.1,25,0.9684,0.225,7.0601
gt_07.jpg,934.0,1354.0,0.2,81,1.3414,0.1696,5.1098
gt_07.jpg,934.0,1354.0,0.4,289,1.7737,0.1269,3.8967
gt_07.jpg,934.0,1354.0,0.8,1225,2.2567,0.0968,3.0574
gt_08.jpg,563.0,1509.0,0.0,1,0.1326,0.2949,21.5618
gt_08.jpg,563.0,1509.0,0.05,9,0.14,0.3024,20.4025
gt_08.jpg,563.0,1509.0,0.1,25,0.144,0.2977,19.7969
gt_08.jpg,563.0,1509.0,0.2,81,0.1493,0.2933,18.9523
gt_08.jpg,563.0,1509.0,0.4,361,0.1564,0.2789,17.3793
gt_08.jpg,563.0,1509.0,0.8,1369,0.1407,0.2778,15.0779
gt_08.jpg,722.0,1037.0,0.0,1,0.3015,0.1766,21.5618
gt_08.jpg,722.0,1037.0,0.05,9,0.3184,0.1718,20.4025
gt_08.jpg,722.0,1037.0,0.1,25,0.3279,0.1634,19.7969
gt_08.jpg,722.0,1037.0,0.2,121,0.3477,0.1541,18.597
gt_08.jpg,722.0,1037.0,0.4,441,0.372,0.1484,17.1005
gt_08.jpg,722.0,1037.0,0.8,1521,0.3934,0.1587,14.8468
gt_08.jpg,387.0,562.0,0.0,1,0.1457,0.297,21.5618
gt_08.jpg,387.0,562.0,0.05,9,0.1539,0.3064,20.4025
gt_08.jpg,387.0,562.0,0.1,25,0.1584,0.3032,19.7969
gt_08.jpg,387.0,562.0,0.2,121,0.1672,0.2962,18.597
gt_08.jpg,387.0,562.0,0.4,441,0.176,0.2811,17.1005
gt_08.jpg,387.0,562.0,0.8,1521,0.1753,0.2701,14.8468
gt_08.jpg,237.0,1292.0,0.0,1,0.831,0.1136,21.5618
gt_08.jpg,237.0,1292.0,0.05,9,0.8781,0.1076,20.4025
gt_08.jpg,237.0,1292.0,0.1,25,0.9047,0.1056,19.7969
gt_08.jpg,237.0,1292.0,0.2,121,0.9609,0.1065,18.597
gt_08.jpg,237.0,1292.0,0.4,361,1.0209,0.1055,17.3793
gt_08.jpg,237.0,1292.0,0.8,1521,1.1006,0.1129,14.8468
gt_08.jpg,1174.0,717.0,0.0,1,0.3002,0.2125,21.5618
gt_08.jpg,1174.0,717.0,0.05,9,0.317,0.2058,20.4025
gt_08.jpg,1174.0,717.0,0.1,25,0.3265,0.1999,19.7969
gt_08.jpg,1174.0,717.0,0.2,121,0.3465,0.1941,18.597
gt_08.jpg,1174.0,717.0,0.4,441,0.373,0.1874,17.1005
gt_08.jpg,1174.0,717.0,0.8,1681,0.398,0.1929,14.6203
gt_08.jpg,945.0,1438.0,0.0,1,0.1472,0.3055,21.5618
gt_08.jpg,945.0,1438.0,0.05,9,0.1555,0.3094,20.4025
gt_08.jpg,945.0,1438.0,0.1,25,0.1601,0.3038,19.7969
gt_08.jpg,945.0,1438.0,0.2,121,0.1694,0.2953,18.597
gt_08.jpg,945.0,1438.0,0.4,361,0.1774,0.2845,17.3793
gt_08.jpg,945.0,1438.0,0.8,1521,0.1649,0.2797,14.8468
gt_08.jpg,1205.0,1135.0,0.0,1,0.3039,0.1736,21.5618
gt_08.jpg,1205.0,1135.0,0.05,9,0.3211,0.1699,20.4025
gt_08.jpg,1205.0,1135.0,0.1,25,0.3307,0.1622,19.7969
gt_08.jpg,1205.0,1135.0,0.2,121,0.3509,0.1537,18.597
gt_08.jpg,1205.0,1135.0,0.4,441,0.3765,0.1482,17.1005
gt_08.jpg,1205.0,1135.0,0.8,1521,0.3882,0.162,14.8468
gt_08.jpg,242.0,860.0,0.0,1,0.4632,0.2251,21.5618
gt_08.jpg,242.0,860.0,0.05,9,0.4894,0.2205,20.4025
gt_08.jpg,242.0,860.0,0.1,25,0.5042,0.2174,19.7969
gt_08.jpg,242.0,860.0,0.2,121,0.5361,0.2148,18.597
gt_08.jpg,242.0,860.0,0.4,441,0.5789,0.2069,17.1005
gt_08.jpg,242.0,860.0,0.8,1521,0.6353,0.206,14.8468
gt_08.jpg,811.0,513.0,0.0,1,0.3436,0.1637,21.5618
gt_08.jpg,811.0,513.0,0.05,9,0.363,0.1601,20.4025
gt_08.jpg,811.0,513.0,0.1,25,0.374,0.1534,19.7969
gt_08.jpg,811.0,513.0,0.2,121,0.3972,0.1467,18.597
gt_08.jpg,811.0,513.0,0.4,441,0.4279,0.1415,17.1005
gt_08.jpg,811.0,513.0,0.8,1849,0.4764,0.1547,14.3981
gt_09.jpg,707.0,1115.0,0.0,1,0.7967,0.132,15.1792
gt_09.jpg,707.0,1115.0,0.05,9,0.869,0.1053,13.9176
gt_09.jpg,707.0,1115.0,0.1,25,0.9352,0.0796,12.9318
gt_09.jpg,707.0,1115.0,0.2,81,1.0459,0.0585,11.5537
gt_09.jpg,707.0,1115.0,0.4,289,1.2354,0.0463,9.7324
gt_09.jpg,707.0,1115.0,0.8,1225,1.5831,0.0349,7.4022
gt_09.jpg,481.0,1517.0,0.0,1,0.5956,0.1723,15.1792
gt_09.jpg,481.0,1517.0,0.05,9,0.6498,0.1537,13.9176
gt_09.jpg,481.0,1517.0,0.1,25,0.6996,0.1287,12.9318
gt_09.jpg,481.0,1517.0,0.2,81,0.7828,0.1028,11.5537
gt_09.jpg,481.0,1517.0,0.4,289,0.924,0.0837,9.7324
gt_09.jpg,481.0,1517.0,0.8,1225,1.1502,0.0671,7.4022
gt_09.jpg,309.0,1260.0,0.0,1,0.3642,0.2912,15.1792
gt_09.jpg,309.0,1260.0,0.05,9,0.3974,0.2953,13.9176
gt_09.jpg,309.0,1260.0,0.1,25,0.4278,0.285,12.9318
gt_09.jpg,309.0,1260.0,0.2,81,0.4779,0.2641,11.5537
gt_09.jpg,309.0,1260.0,0.4,289,0.5607,0.2398,9.7324
gt_09.jpg,309.0,1260.0,0.8,1089,0.6611,0.2039,7.6302
gt_09.jpg,869.0,776.0,0.0,1,1.2185,0.0343,15.1792
gt_09.jpg,869.0,776.0,0.05,9,1.3308,0.0186,13.9176
gt_09.jpg,869.0,776.0,0.1,25,1.4349,0.0121,12.9318
gt_09.jpg,869.0,776.0,0.2,81,1.6122,0.0102,11.5537
gt_09.jpg,869.0,776.0,0.4,289,1.9303,0.012,9.7324
gt_09.jpg,869.0,776.0,0.8,961,2.2271,0.016,7.8608
gt_09.jpg,577.0,737.0,0.0,1,0.2709,0.3629,15.1792
gt_09.jpg,577.0,737.0,0.05,9,0.2958,0.3703,13.9176
gt_09.jpg,577.0,737.0,0.1,25,0.3187,0.3619,12.9318
gt_09.jpg,577.0,737.0,0.2,81,0.3566,0.3436,11.5537
gt_09.jpg,577.0,737.0,0.4,289,0.4184,0.3198,9.7324
gt_09.jpg,577.0,737.0,0.8,961,0.4851,0.2882,7.8608
gt_09.jpg,1114.0,1363.0,0.0,1,0.8542,0.0972,15.1792
gt_09.jpg,1114.0,1363.0,0.05,9,0.9318,0.0714,13.9176
gt_09.jpg,1114.0,1363.0,0.1,25,1.003,0.0488,12.9318
gt_09.jpg,1114.0,1363.0,0.2,81,1.1224,0.0328,11.5537
gt_09.jpg,1114.0,1363.0,0.4,289,1.3294,0.0245,9.7324
gt_09.jpg,1114.0,1363.0,0.8,1089,1.6431,0.0227,7.6302
gt_10.jpg,295.0,1102.0,0.0,1,1.8701,0.0568,21.3003
gt_10.jpg,295.0,1102.0,0.05,9,2.0042,0.051,19.8709
gt_10.jpg,295.0,1102.0,0.1,25,2.1378,0.0459,18.6273
gt_10.jpg,295.0,1102.0,0.2,81,2.3164,0.0418,17.1694
gt_10.jpg,295.0,1102.0,0.4,289,2.4944,0.0356,15.8187
gt_10.jpg,295.0,1102.0,0.8,1089,2.2123,0.0481,13.8786
gt_11.jpg,694.0,966.0,0.0,1,1.032,0.0591,10.8897
gt_11.jpg,694.0,966.0,0.05,9,1.075,0.0558,10.4517
gt_11.jpg,694.0,966.0,0.1,25,1.0998,0.0518,10.2107
gt_11.jpg,694.0,966.0,0.2,81,1.1424,0.0467,9.8073
gt_11.jpg,694.0,966.0,0.4,289,1.2348,0.0435,8.9762
gt_11.jpg,694.0,966.0,0.8,1225,1.3854,0.0634,7.4757
gt_11.jpg,289.0,944.0,0.0,1,1.5066,0.0367,10.8897
gt_11.jpg,289.0,944.0,0.05,9,1.5693,0.0341,10.4517
gt_11.jpg,289.0,944.0,0.1,25,1.606,0.0321,10.2107
gt_11.jpg,289.0,944.0,0.2,81,1.6701,0.0303,9.8073
gt_11.jpg,289.0,944.0,0.4,289,1.8146,0.0298,8.9762
gt_11.jpg,289.0,944.0,0.8,1225,2.0504,0.0406,7.4757
gt_11.jpg,1019.0,678.0,0.0,1,0.9313,0.059,10.8897
gt_11.jpg,1019.0,678.0,0.05,9,0.9697,0.0562,10.4517
gt_11.jpg,1019.0,678.0,0.1,25,0.9912,0.0528,10.2107
gt_11.jpg,1019.0,678.0,0.2,81,1.0271,0.0463,9.8073
gt_11.jpg,1019.0,678.0,0.4,289,1.1041,0.0428,8.9762
gt_11.jpg,1019.0,678.0,0.8,1225,1.1796,0.0639,7.4757
gt_11.jpg,401.0,657.0,0.0,1,0.3989,0.2481,10.8897
gt_11.jpg,401.0,657.0,0.05,9,0.4152,0.2591,10.4517
gt_11.jpg,401.0,657.0,0.1,25,0.4243,0.2563,10.2107
gt_11.jpg,401.0,657.0,0.2,81,0.4395,0.2522,9.8073
gt_11.jpg,401.0,657.0,0.4,289,0.4699,0.2467,8.9762
gt_11.jpg,401.0,657.0,0.8,1089,0.4459,0.2733,7.6145
