organism,agent,disk,s,r,n,CA,VME,ME,mE,CA_pct,VME_pct,ME_pct
Pseudomonas spp.,"Meropenem (indications other than meningitis), Pseudomonas other than P. aeruginosa",10,24.0,18.0,91,63,1,8,19,69.23076923076923,1.098901098901099,8.791208791208792
Enterobacterales,Doripenem,10,24.0,21.0,91,64,3,8,16,70.32967032967034,3.2967032967032965,8.791208791208792
Enterobacterales,Ofloxacin,5,24.0,22.0,91,64,4,8,15,70.32967032967034,4.395604395604396,8.791208791208792
Acinetobacter spp.,Imipenem,10,24.0,21.0,91,64,3,8,16,70.32967032967034,3.2967032967032965,8.791208791208792
Moraxella catarrhalis,Ceftriaxone,30,24.0,21.0,91,64,3,8,16,70.32967032967034,3.2967032967032965,8.791208791208792
Aeromonas spp.,Ceftazidime,10,24.0,21.0,91,64,3,8,16,70.32967032967034,3.2967032967032965,8.791208791208792
Enterobacterales,Cefepime,30,27.0,24.0,91,65,4,7,15,71.42857142857143,4.395604395604396,7.6923076923076925
Enterobacterales,Ceftriaxone (indications other than meningitis),30,27.0,24.0,91,65,4,7,15,71.42857142857143,4.395604395604396,7.6923076923076925
Aeromonas spp.,Cefepime,30,27.0,24.0,91,65,4,7,15,71.42857142857143,4.395604395604396,7.6923076923076925
Aeromonas spp.,Ciprofloxacin,5,27.0,24.0,91,65,4,7,15,71.42857142857143,4.395604395604396,7.6923076923076925
Aeromonas spp.,Levofloxacin,5,27.0,24.0,91,65,4,7,15,71.42857142857143,4.395604395604396,7.6923076923076925
Enterobacterales,Levofloxacin,5,23.0,19.0,91,66,2,9,14,72.52747252747253,2.197802197802198,9.89010989010989
Enterobacterales,Ticarcillin-clavulanic acid,75-10,23.0,20.0,91,67,2,9,13,73.62637362637362,2.197802197802198,9.89010989010989
Enterobacterales,Meropenem (indications other than meningitis),10,22.0,16.0,91,67,1,6,17,73.62637362637362,1.098901098901099,6.593406593406593
Enterobacterales,Ciprofloxacin (indications other than meningitis),5,25.0,22.0,91,67,4,8,12,73.62637362637362,4.395604395604396,8.791208791208792
Acinetobacter spp.,Meropenem (indications other than meningitis),10,21.0,15.0,91,67,1,6,17,73.62637362637362,1.098901098901099,6.593406593406593
Acinetobacter spp.,Levofloxacin,5,23.0,20.0,91,67,2,9,13,73.62637362637362,2.197802197802198,9.89010989010989
Viridans group streptococci,Ampicillin (indications other than,2,21.0,15.0,91,67,1,6,17,73.62637362637362,1.098901098901099,6.593406593406593
Achromobacter xylosoxidans,Meropenem,10,26.0,20.0,91,68,1,8,14,74.72527472527473,1.098901098901099,8.791208791208792
Enterobacterales,Cefotaxime (indications other than meningitis),5,20.0,17.0,91,69,1,6,15,75.82417582417582,1.098901098901099,6.593406593406593
Enterobacterales,Aztreonam1,30,26.0,21.0,91,69,3,8,11,75.82417582417582,3.2967032967032965,8.791208791208792
Enterobacterales,Pefloxacin (screen only),5,24.0,24.0,91,69,11,11,0,75.82417582417582,12.087912087912088,12.087912087912088
Enterobacterales,Norfloxacin (uncomplicated UTI only),10,24.0,24.0,91,69,11,11,0,75.82417582417582,12.087912087912088,12.087912087912088
Enterobacterales,Fosfomycin iv (infections originating from,200C,24.0,24.0,91,69,11,11,0,75.82417582417582,12.087912087912088,12.087912087912088
Enterobacterales,"Fosfomycin oral (uncomplicated UTI only), E. coli",200C,24.0,24.0,91,69,11,11,0,75.82417582417582,12.087912087912088,12.087912087912088
Staphylococcus spp.,Ceftaroline (indications other than,5,20.0,17.0,91,69,1,6,15,75.82417582417582,1.098901098901099,6.593406593406593
Staphylococcus spp.,Fusidic acid,10,24.0,24.0,91,69,11,11,0,75.82417582417582,12.087912087912088,12.087912087912088
Staphylococcus spp.,Trimethoprim-sulfamethoxazole5,1.25-23.75,24.0,24.0,91,69,11,11,0,75.82417582417582,12.087912087912088,12.087912087912088
Streptococcus pneumoniae,Minocycline,30,24.0,24.0,91,69,11,11,0,75.82417582417582,12.087912087912088,12.087912087912088
Viridans group streptococci,Benzylpenicillin (indications other than endocarditis),1 unit,21.0,12.0,91,69,1,2,19,75.82417582417582,1.098901098901099,2.197802197802198
Haemophilus influenzae,Cefuroxime iv,30,27.0,25.0,91,69,5,7,10,75.82417582417582,5.4945054945054945,7.6923076923076925
Haemophilus influenzae,Minocycline,30,24.0,24.0,91,69,11,11,0,75.82417582417582,12.087912087912088,12.087912087912088
Moraxella catarrhalis,Cefotaxime,5,20.0,17.0,91,69,1,6,15,75.82417582417582,1.098901098901099,6.593406593406593
Anaerobic bacteria,Piperacillin-tazobactam3,30-6,24.0,24.0,91,69,11,11,0,75.82417582417582,12.087912087912088,12.087912087912088
Anaerobic bacteria,Amoxicillin-clavulanic acid,2-1,24.0,24.0,91,69,11,11,0,75.82417582417582,12.087912087912088,12.087912087912088
Anaerobic bacteria,Piperacillin-tazobactam,30-6,24.0,24.0,91,69,11,11,0,75.82417582417582,12.087912087912088,12.087912087912088
Anaerobic bacteria,Ertapenem,10,24.0,24.0,91,69,11,11,0,75.82417582417582,12.087912087912088,12.087912087912088
Anaerobic bacteria,Benzylpenicillin,1 unit,24.0,24.0,91,69,11,11,0,75.82417582417582,12.087912087912088,12.087912087912088
Anaerobic bacteria,Amoxicillin-clavulanic acid,2-1,24.0,24.0,91,69,11,11,0,75.82417582417582,12.087912087912088,12.087912087912088
Pasteurella spp.,Tetracycline (screen only),30,24.0,24.0,91,69,11,11,0,75.82417582417582,12.087912087912088,12.087912087912088
Corynebacterium spp.,Tetracycline,30,24.0,24.0,91,69,11,11,0,75.82417582417582,12.087912087912088,12.087912087912088
Corynebacterium diphtheriae and C. ulcerans,Meropenem,10,24.0,24.0,91,69,11,11,0,75.82417582417582,12.087912087912088,12.087912087912088
Corynebacterium diphtheriae and C. ulcerans,Erythromycin,15,24.0,24.0,91,69,11,11,0,75.82417582417582,12.087912087912088,12.087912087912088
Corynebacterium diphtheriae and C. ulcerans,Tetracycline,30,24.0,24.0,91,69,11,11,0,75.82417582417582,12.087912087912088,12.087912087912088
Corynebacterium diphtheriae and C. ulcerans,Rifampicin,5,24.0,24.0,91,69,11,11,0,75.82417582417582,12.087912087912088,12.087912087912088
Vibrio spp.,Meropenem,10,24.0,24.0,91,69,11,11,0,75.82417582417582,12.087912087912088,12.087912087912088
Bacillus spp.,Erythromycin,15,24.0,24.0,91,69,11,11,0,75.82417582417582,12.087912087912088,12.087912087912088
Burkholderia pseudomallei,Meropenem,10,24.0,24.0,91,69,11,11,0,75.82417582417582,12.087912087912088,12.087912087912088
Enterobacterales,Ceftazidime,10,22.0,19.0,91,70,3,9,9,76.92307692307692,3.2967032967032965,9.89010989010989
Enterobacterales,"Imipenem, Enterobacterales except Morganellaceae",10,22.0,19.0,91,70,3,9,9,76.92307692307692,3.2967032967032965,9.89010989010989
Streptococcus pneumoniae,Ampicillin iv (indications other than endocarditis and meningitis),2,22.0,19.0,91,70,3,9,9,76.92307692307692,3.2967032967032965,9.89010989010989
Enterobacterales,Cefiderocol,30,23.0,23.0,91,71,7,13,0,78.02197802197803,7.6923076923076925,14.285714285714286
Enterobacterales,Ceftaroline,5,23.0,23.0,91,71,7,13,0,78.02197802197803,7.6923076923076925,14.285714285714286
Enterobacterales,Ceftibuten (infections originating from the urinary tract),30,23.0,23.0,91,71,7,13,0,78.02197802197803,7.6923076923076925,14.285714285714286
Enterobacterales,Ceftobiprole,5,23.0,23.0,91,71,7,13,0,78.02197802197803,7.6923076923076925,14.285714285714286
Enterobacterales,Ertapenem,10,23.0,23.0,91,71,7,13,0,78.02197802197803,7.6923076923076925,14.285714285714286
Pseudomonas spp.,"Ceftolozane-tazobactam4, P. aeruginosa",30-10,23.0,23.0,91,71,7,13,0,78.02197802197803,7.6923076923076925,14.285714285714286
Pseudomonas spp.,"Meropenem (indications other than meningitis), P. aeruginosa",10,20.0,14.0,91,71,1,5,14,78.02197802197803,1.098901098901099,5.4945054945054945
Staphylococcus spp.,Minocycline,30,23.0,23.0,91,71,7,13,0,78.02197802197803,7.6923076923076925,14.285714285714286
Staphylococcus spp.,"Lefamulin, S. aureus",5,23.0,23.0,91,71,7,13,0,78.02197802197803,7.6923076923076925,14.285714285714286
"Streptococcus groups A, B, C and G","Benzylpenicillin2, Streptococcus groups A, C and G",1 unit,23.0,23.0,91,71,7,13,0,78.02197802197803,7.6923076923076925,14.285714285714286
"Streptococcus groups A, B, C and G",Minocycline,30,23.0,23.0,91,71,7,13,0,78.02197802197803,7.6923076923076925,14.285714285714286
"Streptococcus groups A, B, C and G",Tetracycline,30,23.0,23.0,91,71,7,13,0,78.02197802197803,7.6923076923076925,14.285714285714286
Viridans group streptococci,Cefotaxime,5,23.0,23.0,91,71,7,13,0,78.02197802197803,7.6923076923076925,14.285714285714286
Haemophilus influenzae,Ceftolozane-tazobactam (pneumonia)3,30-10,23.0,23.0,91,71,7,13,0,78.02197802197803,7.6923076923076925,14.285714285714286
Haemophilus influenzae,Doripenem,10,23.0,23.0,91,71,7,13,0,78.02197802197803,7.6923076923076925,14.285714285714286
Haemophilus influenzae,Ertapenem,10,23.0,23.0,91,71,7,13,0,78.02197802197803,7.6923076923076925,14.285714285714286
Haemophilus influenzae,Nalidixic acid (screen only),30,23.0,23.0,91,71,7,13,0,78.02197802197803,7.6923076923076925,14.285714285714286
Haemophilus influenzae,Trimethoprim-sulfamethoxazole2,1.25-23.75,23.0,23.0,91,71,7,13,0,78.02197802197803,7.6923076923076925,14.285714285714286
Moraxella catarrhalis,Cefuroxime iv,30,21.0,18.0,91,71,2,9,9,78.02197802197803,2.197802197802198,9.89010989010989
Moraxella catarrhalis,Nalidixic acid (screen only),30,23.0,23.0,91,71,7,13,0,78.02197802197803,7.6923076923076925,14.285714285714286
Moraxella catarrhalis,Erythromycin,15,23.0,23.0,91,71,7,13,0,78.02197802197803,7.6923076923076925,14.285714285714286
Anaerobic bacteria,Ertapenem,10,23.0,23.0,91,71,7,13,0,78.02197802197803,7.6923076923076925,14.285714285714286
Anaerobic bacteria,Amoxicillin-clavulanic acid,2-1,23.0,23.0,91,71,7,13,0,78.02197802197803,7.6923076923076925,14.285714285714286
Anaerobic bacteria,Ampicillin,2,23.0,23.0,91,71,7,13,0,78.02197802197803,7.6923076923076925,14.285714285714286
Anaerobic bacteria,Amoxicillin-clavulanic acid,2-1,23.0,23.0,91,71,7,13,0,78.02197802197803,7.6923076923076925,14.285714285714286
Anaerobic bacteria,Ampicillin,2,23.0,23.0,91,71,7,13,0,78.02197802197803,7.6923076923076925,14.285714285714286
Pasteurella spp.,Nalidixic acid (screen only),30,23.0,23.0,91,71,7,13,0,78.02197802197803,7.6923076923076925,14.285714285714286
Pasteurella spp.,Trimethoprim-sulfamethoxazole1,1.25-23.75,23.0,23.0,91,71,7,13,0,78.02197802197803,7.6923076923076925,14.285714285714286
Corynebacterium diphtheriae and C. ulcerans,Trimethoprim-sulfamethoxazole1,1.25-23.75,23.0,23.0,91,71,7,13,0,78.02197802197803,7.6923076923076925,14.285714285714286
Vibrio spp.,Ciprofloxacin,5,23.0,23.0,91,71,7,13,0,78.02197802197803,7.6923076923076925,14.285714285714286
Vibrio spp.,Levofloxacin,5,23.0,23.0,91,71,7,13,0,78.02197802197803,7.6923076923076925,14.285714285714286
Brucella melitensis,Gentamicin,10,23.0,23.0,91,71,7,13,0,78.02197802197803,7.6923076923076925,14.285714285714286
Burkholderia pseudomallei,Tetracycline (screen only),30,23.0,23.0,91,71,7,13,0,78.02197802197803,7.6923076923076925,14.285714285714286
Enterobacterales,Aztreonam-avibactam,30-20,25.0,25.0,91,72,9,10,0,79.12087912087912,9.89010989010989,10.989010989010989
Staphylococcus spp.,"Moxifloxacin3, S. aureus",5,25.0,25.0,91,72,9,10,0,79.12087912087912,9.89010989010989,10.989010989010989
Streptococcus pneumoniae,Tetracycline,30,25.0,25.0,91,72,9,10,0,79.12087912087912,9.89010989010989,10.989010989010989
Viridans group streptococci,Cefepime,30,25.0,25.0,91,72,9,10,0,79.12087912087912,9.89010989010989,10.989010989010989
Haemophilus influenzae,Ceftibuten,30,25.0,25.0,91,72,9,10,0,79.12087912087912,9.89010989010989,10.989010989010989
Haemophilus influenzae,Tetracycline,30,25.0,25.0,91,72,9,10,0,79.12087912087912,9.89010989010989,10.989010989010989
Moraxella catarrhalis,Minocycline,30,25.0,25.0,91,72,9,10,0,79.12087912087912,9.89010989010989,10.989010989010989
Anaerobic bacteria,Ampicillin-sulbactam,10-10,25.0,25.0,91,72,9,10,0,79.12087912087912,9.89010989010989,10.989010989010989
Anaerobic bacteria,Metronidazole,5,25.0,25.0,91,72,9,10,0,79.12087912087912,9.89010989010989,10.989010989010989
Anaerobic bacteria,Ampicillin,2,25.0,25.0,91,72,9,10,0,79.12087912087912,9.89010989010989,10.989010989010989
Anaerobic bacteria,Benzylpenicillin,1 unit,25.0,25.0,91,72,9,10,0,79.12087912087912,9.89010989010989,10.989010989010989
Anaerobic bacteria,Imipenem,10,25.0,25.0,91,72,9,10,0,79.12087912087912,9.89010989010989,10.989010989010989
Anaerobic bacteria,Meropenem,10,25.0,25.0,91,72,9,10,0,79.12087912087912,9.89010989010989,10.989010989010989
Corynebacterium spp.,Moxifloxacin,5,25.0,25.0,91,72,9,10,0,79.12087912087912,9.89010989010989,10.989010989010989
Corynebacterium spp.,Linezolid,10,25.0,25.0,91,72,9,10,0,79.12087912087912,9.89010989010989,10.989010989010989
Corynebacterium diphtheriae and C. ulcerans,Linezolid,10,25.0,25.0,91,72,9,10,0,79.12087912087912,9.89010989010989,10.989010989010989
Aerococcus sanguinicola and A. urinae,Rifampicin,5,25.0,25.0,91,72,9,10,0,79.12087912087912,9.89010989010989,10.989010989010989
Kingella kingae,Benzylpenicillin,1 unit,25.0,25.0,91,72,9,10,0,79.12087912087912,9.89010989010989,10.989010989010989
Bacillus spp.,Meropenem,10,25.0,25.0,91,72,9,10,0,79.12087912087912,9.89010989010989,10.989010989010989
Aeromonas spp.,Aztreonam,30,29.0,26.0,91,73,2,4,12,80.21978021978022,2.197802197802198,4.395604395604396
Enterobacterales,Cefepime-enmetazobactam,30-20,22.0,22.0,91,74,7,10,0,81.31868131868131,7.6923076923076925,10.989010989010989
Enterobacterales,Ceftolozane-tazobactam7,30-10,22.0,22.0,91,74,7,10,0,81.31868131868131,7.6923076923076925,10.989010989010989
Enterobacterales,"Imipenem-relebactam, Enterobacterales except Morganellaceae",10-25,22.0,22.0,91,74,7,10,0,81.31868131868131,7.6923076923076925,10.989010989010989
Enterobacterales,Meropenem (meningitis),10,22.0,22.0,91,74,7,10,0,81.31868131868131,7.6923076923076925,10.989010989010989
Enterobacterales,"Moxifloxacin, Enterobacterales except Morganella morganii, Proteus spp. and Serratia spp.3",5,22.0,22.0,91,74,7,10,0,81.31868131868131,7.6923076923076925,10.989010989010989
Pseudomonas spp.,"Cefiderocol, P. aeruginosa",30,22.0,22.0,91,74,7,10,0,81.31868131868131,7.6923076923076925,10.989010989010989
Pseudomonas spp.,"Imipenem-relebactam, P. aeruginosa",10-25,22.0,22.0,91,74,7,10,0,81.31868131868131,7.6923076923076925,10.989010989010989
Staphylococcus spp.,"Benzylpenicillin, S. lugdunensis",1 unit,26.0,26.0,91,74,9,8,0,81.31868131868131,9.89010989010989,8.791208791208792
Staphylococcus spp.,"Cefoxitin (screen only), S. aureus and coagulase-negative staphylococci except S. epidermidis and S. lugdunensis",30,22.0,22.0,91,74,7,10,0,81.31868131868131,7.6923076923076925,10.989010989010989
Staphylococcus spp.,"Gentamicin, Coagulase-negative staphylococci",10,22.0,22.0,91,74,7,10,0,81.31868131868131,7.6923076923076925,10.989010989010989
Staphylococcus spp.,Clindamycin2,2,22.0,22.0,91,74,7,10,0,81.31868131868131,7.6923076923076925,10.989010989010989
Staphylococcus spp.,Tetracycline,30,22.0,22.0,91,74,7,10,0,81.31868131868131,7.6923076923076925,10.989010989010989
Staphylococcus spp.,"Rifampicin, S. aureus",5,26.0,26.0,91,74,9,8,0,81.31868131868131,9.89010989010989,8.791208791208792
Enterococcus spp.,"Quinupristin-dalfopristin, E. faecium",15,22.0,22.0,91,74,7,10,0,81.31868131868131,7.6923076923076925,10.989010989010989
Enterococcus spp.,Eravacycline,20,22.0,22.0,91,74,7,10,0,81.31868131868131,7.6923076923076925,10.989010989010989
Streptococcus pneumoniae,Moxifloxacin,5,22.0,22.0,91,74,7,10,0,81.31868131868131,7.6923076923076925,10.989010989010989
Streptococcus pneumoniae,Erythromycin,15,22.0,22.0,91,74,7,10,0,81.31868131868131,7.6923076923076925,10.989010989010989
Streptococcus pneumoniae,Linezolid,10,22.0,22.0,91,74,7,10,0,81.31868131868131,7.6923076923076925,10.989010989010989
Streptococcus pneumoniae,Rifampicin,5,22.0,22.0,91,74,7,10,0,81.31868131868131,7.6923076923076925,10.989010989010989
Viridans group streptococci,Cefuroxime iv,30,26.0,26.0,91,74,9,8,0,81.31868131868131,9.89010989010989,8.791208791208792
Haemophilus influenzae,Cefixime,5,26.0,26.0,91,74,9,8,0,81.31868131868131,9.89010989010989,8.791208791208792
Haemophilus influenzae,Cefpodoxime,10,26.0,26.0,91,74,9,8,0,81.31868131868131,9.89010989010989,8.791208791208792
Moraxella catarrhalis,Moxifloxacin,5,26.0,26.0,91,74,9,8,0,81.31868131868131,9.89010989010989,8.791208791208792
Moraxella catarrhalis,Tetracycline,30,26.0,26.0,91,74,9,8,0,81.31868131868131,9.89010989010989,8.791208791208792
Anaerobic bacteria,Piperacillin-tazobactam,30-6,26.0,26.0,91,74,9,8,0,81.31868131868131,9.89010989010989,8.791208791208792
Anaerobic bacteria,Metronidazole Fusobacterium necrophorum,5,22.0,22.0,91,74,7,10,0,81.31868131868131,7.6923076923076925,10.989010989010989
Anaerobic bacteria,Cefotaxime,5,26.0,26.0,91,74,9,8,0,81.31868131868131,9.89010989010989,8.791208791208792
Anaerobic bacteria,Vancomycin,5,22.0,22.0,91,74,7,10,0,81.31868131868131,7.6923076923076925,10.989010989010989
Anaerobic bacteria,Clindamycin,2,26.0,26.0,91,74,9,8,0,81.31868131868131,9.89010989010989,8.791208791208792
Listeria monocytogenes,Meropenem (all indications),10,26.0,26.0,91,74,9,8,0,81.31868131868131,9.89010989010989,8.791208791208792
Pasteurella spp.,Cefotaxime,5,26.0,26.0,91,74,9,8,0,81.31868131868131,9.89010989010989,8.791208791208792
Aerococcus sanguinicola and A. urinae,Ampicillin,2,26.0,26.0,91,74,9,8,0,81.31868131868131,9.89010989010989,8.791208791208792
Kingella kingae,Amoxicillin-clavulanic acid,2-1,22.0,22.0,91,74,7,10,0,81.31868131868131,7.6923076923076925,10.989010989010989
Achromobacter xylosoxidans,Piperacillin-tazobactam,30-6,26.0,26.0,91,74,9,8,0,81.31868131868131,9.89010989010989,8.791208791208792
Vibrio spp.,Piperacillin-tazobactam,30-6,26.0,26.0,91,74,9,8,0,81.31868131868131,9.89010989010989,8.791208791208792
Vibrio spp.,Ceftazidime,10,22.0,22.0,91,74,7,10,0,81.31868131868131,7.6923076923076925,10.989010989010989
Vibrio spp.,Pefloxacin (screen only),5,22.0,22.0,91,74,7,10,0,81.31868131868131,7.6923076923076925,10.989010989010989
Bacillus spp.,Linezolid,10,22.0,22.0,91,74,7,10,0,81.31868131868131,7.6923076923076925,10.989010989010989
Bacillus anthracis,Tetracycline,30,26.0,26.0,91,74,9,8,0,81.31868131868131,9.89010989010989,8.791208791208792
Enterobacterales,Amoxicillin-clavulanic acid iv1,20-10,19.0,19.0,91,75,5,11,0,82.41758241758242,5.4945054945054945,12.087912087912088
Enterobacterales,Cefoxitin (screen only)5,30,19.0,19.0,91,75,5,11,0,82.41758241758242,5.4945054945054945,12.087912087912088
Enterobacterales,Cefpodoxime (uncomplicated UTI only),10,21.0,21.0,91,75,7,9,0,82.41758241758242,7.6923076923076925,9.89010989010989
Enterobacterales,"Cefuroxime oral (uncomplicated UTI only), E. coli, Klebsiella spp. (except K. aerogenes ), Raoultella spp. and P. mirabilis",30,19.0,19.0,91,75,5,11,0,82.41758241758242,5.4945054945054945,12.087912087912088
Acinetobacter spp.,Meropenem (meningitis),10,21.0,21.0,91,75,7,9,0,82.41758241758242,7.6923076923076925,9.89010989010989
Acinetobacter spp.,Amikacin (systemic infections),30,19.0,19.0,91,75,5,11,0,82.41758241758242,5.4945054945054945,12.087912087912088
Acinetobacter spp.,Amikacin (infections originating from the urinary tract),30,19.0,19.0,91,75,5,11,0,82.41758241758242,5.4945054945054945,12.087912087912088
Staphylococcus spp.,Erythromycin,15,21.0,21.0,91,75,7,9,0,82.41758241758242,7.6923076923076925,9.89010989010989
Staphylococcus spp.,Quinupristin-dalfopristin,15,21.0,21.0,91,75,7,9,0,82.41758241758242,7.6923076923076925,9.89010989010989
Staphylococcus spp.,Tigecycline2,15,19.0,19.0,91,75,5,11,0,82.41758241758242,5.4945054945054945,12.087912087912088
Staphylococcus spp.,Linezolid,10,21.0,21.0,91,75,7,9,0,82.41758241758242,7.6923076923076925,9.89010989010989
Staphylococcus spp.,Trimethoprim (uncomplicated UTI only),5,19.0,19.0,91,75,5,11,0,82.41758241758242,5.4945054945054945,12.087912087912088
"Streptococcus groups A, B, C and G",Moxifloxacin,5,19.0,19.0,91,75,5,11,0,82.41758241758242,5.4945054945054945,12.087912087912088
"Streptococcus groups A, B, C and G",Erythromycin,15,21.0,21.0,91,75,7,9,0,82.41758241758242,7.6923076923076925,9.89010989010989
"Streptococcus groups A, B, C and G",Tigecycline2,15,19.0,19.0,91,75,5,11,0,82.41758241758242,5.4945054945054945,12.087912087912088
"Streptococcus groups A, B, C and G",Linezolid1,10,19.0,19.0,91,75,5,11,0,82.41758241758242,5.4945054945054945,12.087912087912088
"Streptococcus groups A, B, C and G",Rifampicin,5,21.0,21.0,91,75,7,9,0,82.41758241758242,7.6923076923076925,9.89010989010989
Streptococcus pneumoniae,Clindamycin2,2,19.0,19.0,91,75,5,11,0,82.41758241758242,5.4945054945054945,12.087912087912088
Viridans group streptococci,Benzylpenicillin (endocarditis),1 unit,21.0,21.0,91,75,7,9,0,82.41758241758242,7.6923076923076925,9.89010989010989
Viridans group streptococci,Ampicillin iv (endocarditis),2,21.0,21.0,91,75,7,9,0,82.41758241758242,7.6923076923076925,9.89010989010989
Viridans group streptococci,Clindamycin1,2,19.0,19.0,91,75,5,11,0,82.41758241758242,5.4945054945054945,12.087912087912088
Moraxella catarrhalis,Amoxicillin-clavulanic acid,2-1,19.0,19.0,91,75,5,11,0,82.41758241758242,5.4945054945054945,12.087912087912088
Moraxella catarrhalis,Cefixime,5,21.0,21.0,91,75,7,9,0,82.41758241758242,7.6923076923076925,9.89010989010989
Anaerobic bacteria,Clindamycin,2,19.0,19.0,91,75,5,11,0,82.41758241758242,5.4945054945054945,12.087912087912088
Aerococcus sanguinicola and A. urinae,Benzylpenicillin,1 unit,21.0,21.0,91,75,7,9,0,82.41758241758242,7.6923076923076925,9.89010989010989
Aerococcus sanguinicola and A. urinae,Ciprofloxacin (uncomplicated UTI only),5,21.0,21.0,91,75,7,9,0,82.41758241758242,7.6923076923076925,9.89010989010989
Vibrio spp.,Cefotaxime,5,21.0,21.0,91,75,7,9,0,82.41758241758242,7.6923076923076925,9.89010989010989
Vibrio spp.,Trimethoprim-sulfamethoxazole1,1.25-23.75,21.0,21.0,91,75,7,9,0,82.41758241758242,7.6923076923076925,9.89010989010989
Bacillus spp.,Norfloxacin (screen only),10,21.0,21.0,91,75,7,9,0,82.41758241758242,7.6923076923076925,9.89010989010989
Enterobacterales,Piperacillin,30,20.0,20.0,91,76,6,9,0,83.51648351648352,6.593406593406593,9.89010989010989
Enterobacterales,Piperacillin-tazobactam,30-6,20.0,20.0,91,76,6,9,0,83.51648351648352,6.593406593406593,9.89010989010989
Enterobacterales,"Mecillinam oral (pivmecillinam) (uncomplicated UTI only), E. coli, Citrobacter spp., Klebsiella spp., Raoultella spp., Enterobacter spp. and P. mirabilis",10,15.0,15.0,91,76,5,10,0,83.51648351648352,5.4945054945054945,10.989010989010989
Enterobacterales,Cefotaxime (meningitis),5,20.0,20.0,91,76,6,9,0,83.51648351648352,6.593406593406593,9.89010989010989
Enterobacterales,Ceftriaxone (meningitis),30,27.0,27.0,91,76,8,7,0,83.51648351648352,8.791208791208792,7.6923076923076925
Enterobacterales,Meropenem-vaborbactam,20-10,20.0,20.0,91,76,6,9,0,83.51648351648352,6.593406593406593,9.89010989010989
Enterobacterales,Amikacin (systemic infections),30,18.0,18.0,91,76,4,11,0,83.51648351648352,4.395604395604396,12.087912087912088
Enterobacterales,Amikacin (infections originating from the urinary tract),30,18.0,18.0,91,76,4,11,0,83.51648351648352,4.395604395604396,12.087912087912088
Enterobacterales,"Tigecycline, E. coli and C. koseri",15,18.0,18.0,91,76,4,11,0,83.51648351648352,4.395604395604396,12.087912087912088
Enterobacterales,"Nitroxoline (uncomplicated UTI only), E. coli",30,15.0,15.0,91,76,5,10,0,83.51648351648352,5.4945054945054945,10.989010989010989
Enterobacterales,"Trimethoprim (uncomplicated UTI only), E. coli and Klebsiella spp. (except K. aerogenes )",5,15.0,15.0,91,76,5,10,0,83.51648351648352,5.4945054945054945,10.989010989010989
Enterobacterales,"Trimethoprim-sulfamethoxazole8, Enterobacterales except Serratia spp.",1.25-23.75,15.0,15.0,91,76,5,10,0,83.51648351648352,5.4945054945054945,10.989010989010989
Pseudomonas spp.,"Meropenem (meningitis), P. aeruginosa",10,20.0,20.0,91,76,6,9,0,83.51648351648352,6.593406593406593,9.89010989010989
Pseudomonas spp.,Amikacin (systemic infections),30,15.0,15.0,91,76,5,10,0,83.51648351648352,5.4945054945054945,10.989010989010989
Pseudomonas spp.,Amikacin (infections originating from the urinary tract),30,15.0,15.0,91,76,5,10,0,83.51648351648352,5.4945054945054945,10.989010989010989
Pseudomonas spp.,Tobramycin (systemic infections),10,18.0,18.0,91,76,4,11,0,83.51648351648352,4.395604395604396,12.087912087912088
Pseudomonas spp.,Tobramycin (infections originating from the urinary tract),10,18.0,18.0,91,76,4,11,0,83.51648351648352,4.395604395604396,12.087912087912088
Staphylococcus spp.,"Ampicillin, S. saprophyticus",2,18.0,18.0,91,76,4,11,0,83.51648351648352,4.395604395604396,12.087912087912088
Staphylococcus spp.,"Oxacillin (screen only), S. pseudintermedius, S. intermedius, S. schleiferi and S. coagulans",1,20.0,20.0,91,76,6,9,0,83.51648351648352,6.593406593406593,9.89010989010989
Staphylococcus spp.,"Cefoxitin (screen only), S. epidermidis and S. lugdunensis",30,27.0,27.0,91,76,8,7,0,83.51648351648352,8.791208791208792,7.6923076923076925
Staphylococcus spp.,"Ceftaroline (pneumonia), S. aureus",5,20.0,20.0,91,76,6,9,0,83.51648351648352,6.593406593406593,9.89010989010989
Staphylococcus spp.,"Amikacin, Coagulase-negative staphylococci",30,15.0,15.0,91,76,5,10,0,83.51648351648352,5.4945054945054945,10.989010989010989
Staphylococcus spp.,"Gentamicin, S. aureus",10,18.0,18.0,91,76,4,11,0,83.51648351648352,4.395604395604396,12.087912087912088
Staphylococcus spp.,"Tobramycin, S. aureus",10,18.0,18.0,91,76,4,11,0,83.51648351648352,4.395604395604396,12.087912087912088
Staphylococcus spp.,"Tobramycin, Coagulase-negative staphylococci",10,20.0,20.0,91,76,6,9,0,83.51648351648352,6.593406593406593,9.89010989010989
Staphylococcus spp.,"Eravacycline, S. aureus",20,20.0,20.0,91,76,6,9,0,83.51648351648352,6.593406593406593,9.89010989010989
Staphylococcus spp.,Tedizolid,2,20.0,20.0,91,76,6,9,0,83.51648351648352,6.593406593406593,9.89010989010989
Enterococcus spp.,Levofloxacin (uncomplicated UTI only),5,15.0,15.0,91,76,5,10,0,83.51648351648352,5.4945054945054945,10.989010989010989
Enterococcus spp.,"Vancomycin, other enterococci",5,15.0,15.0,91,76,5,10,0,83.51648351648352,5.4945054945054945,10.989010989010989
Enterococcus spp.,Tigecycline1,15,20.0,20.0,91,76,6,9,0,83.51648351648352,6.593406593406593,9.89010989010989
Enterococcus spp.,Linezolid,10,20.0,20.0,91,76,6,9,0,83.51648351648352,6.593406593406593,9.89010989010989
Enterococcus spp.,"Nitrofurantoin (uncomplicated UTI only), E. faecalis",100,15.0,15.0,91,76,5,10,0,83.51648351648352,5.4945054945054945,10.989010989010989
"Streptococcus groups A, B, C and G","Benzylpenicillin2, S. agalactiae (group B streptococci)",1 unit,18.0,18.0,91,76,4,11,0,83.51648351648352,4.395604395604396,12.087912087912088
"Streptococcus groups A, B, C and G",Teicoplanin1,30,15.0,15.0,91,76,5,10,0,83.51648351648352,5.4945054945054945,10.989010989010989
"Streptococcus groups A, B, C and G",Tedizolid1,2,18.0,18.0,91,76,4,11,0,83.51648351648352,4.395604395604396,12.087912087912088
"Streptococcus groups A, B, C and G","Nitrofurantoin (uncomplicated UTI only), S. agalactiae (group B streptococci)",100,15.0,15.0,91,76,5,10,0,83.51648351648352,5.4945054945054945,10.989010989010989
Streptococcus pneumoniae,Oxacillin (screen only)1,1,20.0,20.0,91,76,6,9,0,83.51648351648352,6.593406593406593,9.89010989010989
Streptococcus pneumoniae,Trimethoprim-sulfamethoxazole2,1.25-23.75,15.0,15.0,91,76,5,10,0,83.51648351648352,5.4945054945054945,10.989010989010989
Viridans group streptococci,Ceftriaxone,30,27.0,27.0,91,76,8,7,0,83.51648351648352,8.791208791208792,7.6923076923076925
Viridans group streptococci,Vancomycin1,5,15.0,15.0,91,76,5,10,0,83.51648351648352,5.4945054945054945,10.989010989010989
Viridans group streptococci,"Tedizolid, S. anginosus group",2,18.0,18.0,91,76,4,11,0,83.51648351648352,4.395604395604396,12.087912087912088
Haemophilus influenzae,Ampicillin (indications other than,2,18.0,18.0,91,76,4,11,0,83.51648351648352,4.395604395604396,12.087912087912088
Haemophilus influenzae,Amoxicillin-clavulanic acid iv,2-1,15.0,15.0,91,76,5,10,0,83.51648351648352,5.4945054945054945,10.989010989010989
Haemophilus influenzae,Piperacillin-tazobactam,30-6,27.0,27.0,91,76,8,7,0,83.51648351648352,8.791208791208792,7.6923076923076925
Haemophilus influenzae,Cefotaxime,5,27.0,27.0,91,76,8,7,0,83.51648351648352,8.791208791208792,7.6923076923076925
Haemophilus influenzae,Imipenem,10,20.0,20.0,91,76,6,9,0,83.51648351648352,6.593406593406593,9.89010989010989
Haemophilus influenzae,Meropenem (indications other than,10,20.0,20.0,91,76,6,9,0,83.51648351648352,6.593406593406593,9.89010989010989
Haemophilus influenzae,Rifampicin (for prophylaxis only),5,18.0,18.0,91,76,4,11,0,83.51648351648352,4.395604395604396,12.087912087912088
Moraxella catarrhalis,Cefepime,30,20.0,20.0,91,76,6,9,0,83.51648351648352,6.593406593406593,9.89010989010989
Moraxella catarrhalis,Trimethoprim-sulfamethoxazole2,1.25-23.75,15.0,15.0,91,76,5,10,0,83.51648351648352,5.4945054945054945,10.989010989010989
Anaerobic bacteria,Benzylpenicillin,1 unit,20.0,20.0,91,76,6,9,0,83.51648351648352,6.593406593406593,9.89010989010989
Anaerobic bacteria,Ampicillin,2,27.0,27.0,91,76,8,7,0,83.51648351648352,8.791208791208792,7.6923076923076925
Anaerobic bacteria,Benzylpenicillin,1 unit,15.0,15.0,91,76,5,10,0,83.51648351648352,5.4945054945054945,10.989010989010989
Anaerobic bacteria,Ampicillin-sulbactam,10-10,27.0,27.0,91,76,8,7,0,83.51648351648352,8.791208791208792,7.6923076923076925
Anaerobic bacteria,Piperacillin-tazobactam,30-6,27.0,27.0,91,76,8,7,0,83.51648351648352,8.791208791208792,7.6923076923076925
Pasteurella spp.,Amoxicillin-clavulanic acid,2-1,15.0,15.0,91,76,5,10,0,83.51648351648352,5.4945054945054945,10.989010989010989
Pasteurella spp.,Ciprofloxacin,5,27.0,27.0,91,76,8,7,0,83.51648351648352,8.791208791208792,7.6923076923076925
Pasteurella spp.,Levofloxacin,5,27.0,27.0,91,76,8,7,0,83.51648351648352,8.791208791208792,7.6923076923076925
Campylobacter jejuni and C. coli,"Erythromycin, C. jejuni",15,20.0,20.0,91,76,6,9,0,83.51648351648352,6.593406593406593,9.89010989010989
Campylobacter jejuni and C. coli,"Erythromycin, C. coli",15,18.0,18.0,91,76,4,11,0,83.51648351648352,4.395604395604396,12.087912087912088
Corynebacterium spp.,Clindamycin1,2,20.0,20.0,91,76,6,9,0,83.51648351648352,6.593406593406593,9.89010989010989
Corynebacterium diphtheriae and C. ulcerans,"Clindamycin, C. diphtheriae 1",2,15.0,15.0,91,76,5,10,0,83.51648351648352,5.4945054945054945,10.989010989010989
Kingella kingae,Cefotaxime,5,27.0,27.0,91,76,8,7,0,83.51648351648352,8.791208791208792,7.6923076923076925
Kingella kingae,Erythromycin,15,20.0,20.0,91,76,6,9,0,83.51648351648352,6.593406593406593,9.89010989010989
Kingella kingae,Rifampicin,5,20.0,20.0,91,76,6,9,0,83.51648351648352,6.593406593406593,9.89010989010989
Vibrio spp.,Tetracycline (screen only)1,30,20.0,20.0,91,76,6,9,0,83.51648351648352,6.593406593406593,9.89010989010989
Bacillus anthracis,Linezolid,10,20.0,20.0,91,76,6,9,0,83.51648351648352,6.593406593406593,9.89010989010989
Brucella melitensis,Streptomycin,10,15.0,15.0,91,76,5,10,0,83.51648351648352,5.4945054945054945,10.989010989010989
Enterobacterales,Amoxicillin-clavulanic acid oral (uncomplicated UTI only)1,20-10,16.0,16.0,91,77,5,9,0,84.61538461538461,5.4945054945054945,9.89010989010989
Enterobacterales,Cefixime (uncomplicated UTI only),5,17.0,17.0,91,77,6,8,0,84.61538461538461,6.593406593406593,8.791208791208792
Enterobacterales,Gentamicin (systemic infections),10,17.0,17.0,91,77,6,8,0,84.61538461538461,6.593406593406593,8.791208791208792
Enterobacterales,Gentamicin (infections originating from the urinary tract),10,17.0,17.0,91,77,6,8,0,84.61538461538461,6.593406593406593,8.791208791208792
Enterobacterales,Tobramycin (systemic infections),10,16.0,16.0,91,77,5,9,0,84.61538461538461,5.4945054945054945,9.89010989010989
Enterobacterales,Tobramycin (infections originating from the urinary tract),10,16.0,16.0,91,77,5,9,0,84.61538461538461,5.4945054945054945,9.89010989010989
Enterobacterales,"Eravacycline, E. coli",20,17.0,17.0,91,77,6,8,0,84.61538461538461,6.593406593406593,8.791208791208792
Pseudomonas spp.,"Ceftazidime-avibactam, P. aeruginosa",10-4,17.0,17.0,91,77,6,8,0,84.61538461538461,6.593406593406593,8.791208791208792
Acinetobacter spp.,Gentamicin (systemic infections),10,17.0,17.0,91,77,6,8,0,84.61538461538461,6.593406593406593,8.791208791208792
Acinetobacter spp.,Gentamicin (infections originating from the urinary tract),10,17.0,17.0,91,77,6,8,0,84.61538461538461,6.593406593406593,8.791208791208792
Acinetobacter spp.,Tobramycin (systemic infections),10,17.0,17.0,91,77,6,8,0,84.61538461538461,6.593406593406593,8.791208791208792
Acinetobacter spp.,Tobramycin (infections originating from the urinary tract),10,17.0,17.0,91,77,6,8,0,84.61538461538461,6.593406593406593,8.791208791208792
Acinetobacter spp.,Trimethoprim-sulfamethoxazole4,1.25-23.75,16.0,16.0,91,77,5,9,0,84.61538461538461,5.4945054945054945,9.89010989010989
Staphylococcus spp.,"Ceftobiprole, S. aureus",5,17.0,17.0,91,77,6,8,0,84.61538461538461,6.593406593406593,8.791208791208792
Staphylococcus spp.,Norfloxacin (screen only),10,17.0,17.0,91,77,6,8,0,84.61538461538461,6.593406593406593,8.791208791208792
Enterococcus spp.,Teicoplanin,30,16.0,16.0,91,77,5,9,0,84.61538461538461,5.4945054945054945,9.89010989010989
"Streptococcus groups A, B, C and G",Clindamycin2,2,17.0,17.0,91,77,6,8,0,84.61538461538461,6.593406593406593,8.791208791208792
"Streptococcus groups A, B, C and G",Trimethoprim-sulfamethoxazole4,1.25-23.75,16.0,16.0,91,77,5,9,0,84.61538461538461,5.4945054945054945,9.89010989010989
Streptococcus pneumoniae,Teicoplanin1,30,17.0,17.0,91,77,6,8,0,84.61538461538461,6.593406593406593,8.791208791208792
Streptococcus pneumoniae,Vancomycin1,5,16.0,16.0,91,77,5,9,0,84.61538461538461,5.4945054945054945,9.89010989010989
Viridans group streptococci,Teicoplanin1,30,16.0,16.0,91,77,5,9,0,84.61538461538461,5.4945054945054945,9.89010989010989
Viridans group streptococci,Eravacycline,20,17.0,17.0,91,77,6,8,0,84.61538461538461,6.593406593406593,8.791208791208792
Anaerobic bacteria,Metronidazole Cutibacterium acnes,5,16.0,16.0,91,77,5,9,0,84.61538461538461,5.4945054945054945,9.89010989010989
Listeria monocytogenes,Ampicillin iv (all indications),2,16.0,16.0,91,77,5,9,0,84.61538461538461,5.4945054945054945,9.89010989010989
Pasteurella spp.,Benzylpenicillin,1 unit,17.0,17.0,91,77,6,8,0,84.61538461538461,6.593406593406593,8.791208791208792
Corynebacterium spp.,Vancomycin,5,17.0,17.0,91,77,6,8,0,84.61538461538461,6.593406593406593,8.791208791208792
Aerococcus sanguinicola and A. urinae,Norfloxacin (screen only),10,17.0,17.0,91,77,6,8,0,84.61538461538461,6.593406593406593,8.791208791208792
Aerococcus sanguinicola and A. urinae,Vancomycin,5,16.0,16.0,91,77,5,9,0,84.61538461538461,5.4945054945054945,9.89010989010989
Aerococcus sanguinicola and A. urinae,Nitrofurantoin (uncomplicated UTI only),100,16.0,16.0,91,77,5,9,0,84.61538461538461,5.4945054945054945,9.89010989010989
Bacillus spp.,Clindamycin,2,17.0,17.0,91,77,6,8,0,84.61538461538461,6.593406593406593,8.791208791208792
Enterococcus spp.,Ampicillin iv,2,10.0,10.0,91,79,7,5,0,86.81318681318682,7.6923076923076925,5.4945054945054945
Streptococcus pneumoniae,Norfloxacin (screen only),10,10.0,10.0,91,79,7,5,0,86.81318681318682,7.6923076923076925,5.4945054945054945
Anaerobic bacteria,Clindamycin,2,10.0,10.0,91,79,7,5,0,86.81318681318682,7.6923076923076925,5.4945054945054945
Bacillus spp.,Vancomycin,5,10.0,10.0,91,79,7,5,0,86.81318681318682,7.6923076923076925,5.4945054945054945
Bacillus anthracis,Vancomycin,5,10.0,10.0,91,79,7,5,0,86.81318681318682,7.6923076923076925,5.4945054945054945
Topical agents,Disk,10,10.0,5.0,91,79,0,0,12,86.81318681318682,0.0,0.0
Enterobacterales,Ampicillin iv1,10,14.0,14.0,91,80,4,7,0,87.91208791208791,4.395604395604396,7.6923076923076925
Enterobacterales,Ampicillin oral (uncomplicated UTI only)1,10,14.0,14.0,91,80,4,7,0,87.91208791208791,4.395604395604396,7.6923076923076925
Enterobacterales,Ampicillin-sulbactam iv1,10-10,14.0,14.0,91,80,4,7,0,87.91208791208791,4.395604395604396,7.6923076923076925
Enterobacterales,Ampicillin-sulbactam oral (uncomplicated,10-10,14.0,14.0,91,80,4,7,0,87.91208791208791,4.395604395604396,7.6923076923076925
Enterobacterales,Cefalexin (uncomplicated UTI only),30,14.0,14.0,91,80,4,7,0,87.91208791208791,4.395604395604396,7.6923076923076925
Pseudomonas spp.,"Meropenem-vaborbactam, P. aeruginosa",20-10,14.0,14.0,91,80,4,7,0,87.91208791208791,4.395604395604396,7.6923076923076925
Anaerobic bacteria,Amoxicillin-clavulanic acid,2-1,14.0,14.0,91,80,4,7,0,87.91208791208791,4.395604395604396,7.6923076923076925
Enterobacterales,Cefadroxil (uncomplicated UTI only),30,12.0,12.0,91,82,4,5,0,90.10989010989012,4.395604395604396,5.4945054945054945
Enterobacterales,Ceftazidime-avibactam,10-4,13.0,13.0,91,82,4,5,0,90.10989010989012,4.395604395604396,5.4945054945054945
Enterobacterales,"Nitrofurantoin (uncomplicated UTI only),",100,11.0,11.0,91,82,6,3,0,90.10989010989012,6.593406593406593,3.2967032967032965
Staphylococcus spp.,"Nitrofurantoin (uncomplicated UTI only), S. saprophyticus",100,13.0,13.0,91,82,4,5,0,90.10989010989012,4.395604395604396,5.4945054945054945
Enterococcus spp.,Norfloxacin (screen only),10,12.0,12.0,91,82,4,5,0,90.10989010989012,4.395604395604396,5.4945054945054945
Enterococcus spp.,"Vancomycin, E. faecalis and E. faecium",5,12.0,12.0,91,82,4,5,0,90.10989010989012,4.395604395604396,5.4945054945054945
"Streptococcus groups A, B, C and G",Norfloxacin (screen only),10,12.0,12.0,91,82,4,5,0,90.10989010989012,4.395604395604396,5.4945054945054945
"Streptococcus groups A, B, C and G",Vancomycin1,5,13.0,13.0,91,82,4,5,0,90.10989010989012,4.395604395604396,5.4945054945054945
Streptococcus pneumoniae,Lefamulin,5,12.0,12.0,91,82,4,5,0,90.10989010989012,4.395604395604396,5.4945054945054945
Viridans group streptococci,"Benzylpenicillin (endocarditis, in",1 unit,12.0,12.0,91,82,4,5,0,90.10989010989012,4.395604395604396,5.4945054945054945
Haemophilus influenzae,Benzylpenicillin (screen only)1,1 unit,12.0,12.0,91,82,4,5,0,90.10989010989012,4.395604395604396,5.4945054945054945
Anaerobic bacteria,Vancomycin,5,12.0,12.0,91,82,4,5,0,90.10989010989012,4.395604395604396,5.4945054945054945
Listeria monocytogenes,Benzylpenicillin (indications other than meningitis),1 unit,13.0,13.0,91,82,4,5,0,90.10989010989012,4.395604395604396,5.4945054945054945
Vibrio spp.,Erythromycin (screen only)1,15,12.0,12.0,91,82,4,5,0,90.10989010989012,4.395604395604396,5.4945054945054945
Bacillus anthracis,Rifampicin,5,12.0,12.0,91,82,4,5,0,90.10989010989012,4.395604395604396,5.4945054945054945
Staphylococcus spp.,"Moxifloxacin3, Coagulase-negative staphylococci",5,28.0,28.0,91,83,3,5,0,91.20879120879121,3.2967032967032965,5.4945054945054945
Haemophilus influenzae,Cefepime,30,28.0,28.0,91,83,3,5,0,91.20879120879121,3.2967032967032965,5.4945054945054945
Haemophilus influenzae,Moxifloxacin,5,28.0,28.0,91,83,3,5,0,91.20879120879121,3.2967032967032965,5.4945054945054945
Moraxella catarrhalis,Ofloxacin,5,28.0,28.0,91,83,3,5,0,91.20879120879121,3.2967032967032965,5.4945054945054945
Anaerobic bacteria,Meropenem,10,28.0,28.0,91,83,3,5,0,91.20879120879121,3.2967032967032965,5.4945054945054945
Anaerobic bacteria,Ertapenem,10,28.0,28.0,91,83,3,5,0,91.20879120879121,3.2967032967032965,5.4945054945054945
Anaerobic bacteria,Meropenem,10,28.0,28.0,91,83,3,5,0,91.20879120879121,3.2967032967032965,5.4945054945054945
Kingella kingae,Ciprofloxacin,5,28.0,28.0,91,83,3,5,0,91.20879120879121,3.2967032967032965,5.4945054945054945
Kingella kingae,Levofloxacin,5,28.0,28.0,91,83,3,5,0,91.20879120879121,3.2967032967032965,5.4945054945054945
Kingella kingae,Tetracycline,30,28.0,28.0,91,83,3,5,0,91.20879120879121,3.2967032967032965,5.4945054945054945
Kingella kingae,Trimethoprim-sulfamethoxazole1,1.25-23.75,28.0,28.0,91,83,3,5,0,91.20879120879121,3.2967032967032965,5.4945054945054945
Moraxella catarrhalis,Ertapenem1,10,29.0,29.0,91,84,2,5,0,92.3076923076923,2.197802197802198,5.4945054945054945
Moraxella catarrhalis,Imipenem1,10,29.0,29.0,91,84,2,5,0,92.3076923076923,2.197802197802198,5.4945054945054945
Moraxella catarrhalis,Levofloxacin,5,29.0,29.0,91,84,2,5,0,92.3076923076923,2.197802197802198,5.4945054945054945
Anaerobic bacteria,Imipenem,10,29.0,29.0,91,84,2,5,0,92.3076923076923,2.197802197802198,5.4945054945054945
Anaerobic bacteria,Ertapenem,10,29.0,29.0,91,84,2,5,0,92.3076923076923,2.197802197802198,5.4945054945054945
Listeria monocytogenes,Trimethoprim-sulfamethoxazole (all indications)1,1.25-23.75,29.0,29.0,91,84,2,5,0,92.3076923076923,2.197802197802198,5.4945054945054945
Kingella kingae,Cefuroxime iv,30,29.0,29.0,91,84,2,5,0,92.3076923076923,2.197802197802198,5.4945054945054945
Brucella melitensis,Trimethoprim-sulfamethoxazole2,1.25-23.75,29.0,29.0,91,84,2,5,0,92.3076923076923,2.197802197802198,5.4945054945054945
Burkholderia pseudomallei,Imipenem,10,29.0,29.0,91,84,2,5,0,92.3076923076923,2.197802197802198,5.4945054945054945
Staphylococcus spp.,"Rifampicin, Coagulase-negative staphylococci",5,30.0,30.0,91,86,2,3,0,94.50549450549451,2.197802197802198,3.2967032967032965
Haemophilus influenzae,Ceftriaxone,30,32.0,32.0,91,86,1,4,0,94.50549450549451,1.098901098901099,4.395604395604396
Haemophilus influenzae,Ciprofloxacin,5,32.0,32.0,91,86,1,4,0,94.50549450549451,1.098901098901099,4.395604395604396
Haemophilus influenzae,Levofloxacin,5,30.0,30.0,91,86,2,3,0,94.50549450549451,2.197802197802198,3.2967032967032965
Haemophilus influenzae,Ofloxacin,5,30.0,30.0,91,86,2,3,0,94.50549450549451,2.197802197802198,3.2967032967032965
Moraxella catarrhalis,Doripenem1,10,30.0,30.0,91,86,2,3,0,94.50549450549451,2.197802197802198,3.2967032967032965
Moraxella catarrhalis,Ciprofloxacin,5,31.0,31.0,91,86,2,3,0,94.50549450549451,2.197802197802198,3.2967032967032965
Anaerobic bacteria,Clindamycin,2,31.0,31.0,91,86,2,3,0,94.50549450549451,2.197802197802198,3.2967032967032965
Anaerobic bacteria,Piperacillin-tazobactam,30-6,32.0,32.0,91,86,1,4,0,94.50549450549451,1.098901098901099,4.395604395604396
Anaerobic bacteria,Clindamycin,2,30.0,30.0,91,86,2,3,0,94.50549450549451,2.197802197802198,3.2967032967032965
Anaerobic bacteria,Metronidazole,5,30.0,30.0,91,86,2,3,0,94.50549450549451,2.197802197802198,3.2967032967032965
Campylobacter jejuni and C. coli,Tetracycline,30,30.0,30.0,91,86,2,3,0,94.50549450549451,2.197802197802198,3.2967032967032965
Corynebacterium spp.,Rifampicin,5,30.0,30.0,91,86,2,3,0,94.50549450549451,2.197802197802198,3.2967032967032965
Aerococcus sanguinicola and A. urinae,Meropenem,10,31.0,31.0,91,86,2,3,0,94.50549450549451,2.197802197802198,3.2967032967032965
Kingella kingae,Ceftriaxone,30,30.0,30.0,91,86,2,3,0,94.50549450549451,2.197802197802198,3.2967032967032965
Kingella kingae,Meropenem,10,30.0,30.0,91,86,2,3,0,94.50549450549451,2.197802197802198,3.2967032967032965
Bacillus spp.,Imipenem,10,30.0,30.0,91,86,2,3,0,94.50549450549451,2.197802197802198,3.2967032967032965
Brucella melitensis,Ceftriaxone (meningitis),30,30.0,30.0,91,86,2,3,0,94.50549450549451,2.197802197802198,3.2967032967032965
Moraxella catarrhalis,Meropenem1,10,33.0,33.0,91,87,1,3,0,95.6043956043956,1.098901098901099,3.2967032967032965
Anaerobic bacteria,Ampicillin-sulbactam,10-10,33.0,33.0,91,87,1,3,0,95.6043956043956,1.098901098901099,3.2967032967032965
Anaerobic bacteria,Ampicillin-sulbactam,10-10,33.0,33.0,91,87,1,3,0,95.6043956043956,1.098901098901099,3.2967032967032965
Anaerobic bacteria,Ampicillin-sulbactam,10-10,33.0,33.0,91,87,1,3,0,95.6043956043956,1.098901098901099,3.2967032967032965
Anaerobic bacteria,Ceftriaxone,30,33.0,33.0,91,87,1,3,0,95.6043956043956,1.098901098901099,3.2967032967032965
Anaerobic bacteria,Meropenem,10,34.0,34.0,91,88,1,2,0,96.7032967032967,1.098901098901099,2.197802197802198
Anaerobic bacteria,Linezolid,10,34.0,34.0,91,88,1,2,0,96.7032967032967,1.098901098901099,2.197802197802198
Anaerobic bacteria,Imipenem,10,35.0,35.0,91,89,1,1,0,97.8021978021978,1.098901098901099,1.098901098901099
Anaerobic bacteria,Ertapenem,10,35.0,35.0,91,89,1,1,0,97.8021978021978,1.098901098901099,1.098901098901099
Anaerobic bacteria,Meropenem,10,35.0,35.0,91,89,1,1,0,97.8021978021978,1.098901098901099,1.098901098901099
Anaerobic bacteria,Imipenem,10,36.0,36.0,91,91,0,0,0,100.0,0.0,0.0
Anaerobic bacteria,Imipenem,10,39.0,39.0,91,91,0,0,0,100.0,0.0,0.0
Brucella melitensis,Tetracycline,30,42.0,42.0,91,91,0,0,0,100.0,0.0,0.0
